ParentLocationCode,ParentLocation,Location type,SpatialDimValueCode,Location,Period type,Period,IsLatestYear,FactValueNumeric,Value,Language,DateModified
EMR,Eastern Mediterranean,Country,AFG,Afghanistan,Year,2023,TRUE,5.49,5.49,EN,2025-01-13T17:00:00.000Z
EUR,Europe,Country,ALB,Albania,Year,2020,TRUE,58.21,58.21,EN,2025-01-13T17:00:00.000Z
AFR,Africa,Country,DZA,Algeria,Year,2022,TRUE,25.08,25.08,EN,2025-01-13T17:00:00.000Z
EUR,Europe,Country,AND,Andorra,Year,2023,TRUE,47.22,47.22,EN,2025-01-13T17:00:00.000Z
AFR,Africa,Country,AGO,Angola,Year,2022,TRUE,18.73,18.73,EN,2025-01-13T17:00:00.000Z
AMR,Americas,Country,ATG,Antigua and Barbuda,Year,2019,TRUE,96.5,96.5,EN,2025-01-13T17:00:00.000Z
AMR,Americas,Country,ARG,Argentina,Year,2023,TRUE,47.49,47.49,EN,2025-01-13T17:00:00.000Z
EUR,Europe,Country,ARM,Armenia,Year,2022,TRUE,47.47,47.47,EN,2025-01-13T17:00:00.000Z
WPR,Western Pacific,Country,AUS,Australia,Year,2022,TRUE,134.5,134.5,EN,2025-01-13T17:00:00.000Z
EUR,Europe,Country,AUT,Austria,Year,2022,TRUE,112.8,112.8,EN,2025-01-13T17:00:00.000Z
EUR,Europe,Country,AZE,Azerbaijan,Year,2022,TRUE,55.78,55.78,EN,2025-01-13T17:00:00.000Z
AMR,Americas,Country,BHS,Bahamas,Year,2023,TRUE,42.24,42.24,EN,2025-01-13T17:00:00.000Z
EMR,Eastern Mediterranean,Country,BHR,Bahrain,Year,2020,TRUE,26.48,26.48,EN,2025-01-13T17:00:00.000Z
SEAR,South-East Asia,Country,BGD,Bangladesh,Year,2023,TRUE,6.64,6.64,EN,2025-01-13T17:00:00.000Z
AMR,Americas,Country,BRB,Barbados,Year,2023,TRUE,36.66,36.66,EN,2025-01-13T17:00:00.000Z
EUR,Europe,Country,BLR,Belarus,Year,2023,TRUE,108.2,108.15,EN,2025-01-13T17:00:00.000Z
EUR,Europe,Country,BEL,Belgium,Year,2021,TRUE,128.9,128.85,EN,2025-01-13T17:00:00.000Z
AMR,Americas,Country,BLZ,Belize,Year,2023,TRUE,20.6,20.6,EN,2025-01-13T17:00:00.000Z
AFR,Africa,Country,BEN,Benin,Year,2023,TRUE,6.11,6.11,EN,2025-01-13T17:00:00.000Z
SEAR,South-East Asia,Country,BTN,Bhutan,Year,2022,TRUE,20.52,20.52,EN,2025-01-13T17:00:00.000Z
AMR,Americas,Country,BOL,Bolivia (Plurinational State of),Year,2021,TRUE,16.24,16.24,EN,2025-01-13T17:00:00.000Z
EUR,Europe,Country,BIH,Bosnia and Herzegovina,Year,2022,TRUE,67.27,67.27,EN,2025-01-13T17:00:00.000Z
AFR,Africa,Country,BWA,Botswana,Year,2023,TRUE,30.18,30.18,EN,2025-01-13T17:00:00.000Z
AMR,Americas,Country,BRA,Brazil,Year,2023,TRUE,55.02,55.02,EN,2025-01-13T17:00:00.000Z
WPR,Western Pacific,Country,BRN,Brunei Darussalam,Year,2021,TRUE,66.17,66.17,EN,2025-01-13T17:00:00.000Z
EUR,Europe,Country,BGR,Bulgaria,Year,2023,TRUE,42.04,42.04,EN,2025-01-13T17:00:00.000Z
AFR,Africa,Country,BFA,Burkina Faso,Year,2023,TRUE,9.49,9.49,EN,2025-01-13T17:00:00.000Z
AFR,Africa,Country,BDI,Burundi,Year,2023,TRUE,7.94,7.94,EN,2025-01-13T17:00:00.000Z
AFR,Africa,Country,CPV,Cabo Verde,Year,2023,TRUE,17.98,17.98,EN,2025-01-13T17:00:00.000Z
WPR,Western Pacific,Country,KHM,Cambodia,Year,2019,TRUE,10.08,10.08,EN,2025-01-13T17:00:00.000Z
AFR,Africa,Country,CMR,Cameroon,Year,2022,TRUE,6.59,6.59,EN,2025-01-13T17:00:00.000Z
AMR,Americas,Country,CAN,Canada,Year,2023,TRUE,112.6,112.57,EN,2025-01-13T17:00:00.000Z
AFR,Africa,Country,CAF,Central African Republic,Year,2023,TRUE,10.97,10.97,EN,2025-01-13T17:00:00.000Z
AFR,Africa,Country,TCD,Chad,Year,2023,TRUE,1.67,1.67,EN,2025-01-13T17:00:00.000Z
AMR,Americas,Country,CHL,Chile,Year,2023,TRUE,54.54,54.54,EN,2025-01-13T17:00:00.000Z
WPR,Western Pacific,Country,CHN,China,Year,2022,TRUE,36.66,36.66,EN,2025-01-13T17:00:00.000Z
AMR,Americas,Country,COL,Colombia,Year,2023,TRUE,15.41,15.41,EN,2025-01-13T17:00:00.000Z
AFR,Africa,Country,COM,Comoros,Year,2022,TRUE,16.44,16.44,EN,2025-01-13T17:00:00.000Z
AFR,Africa,Country,COG,Congo,Year,2022,TRUE,11.21,11.21,EN,2025-01-13T17:00:00.000Z
WPR,Western Pacific,Country,COK,Cook Islands,Year,2020,TRUE,76.92,76.92,EN,2025-01-13T17:00:00.000Z
AMR,Americas,Country,CRI,Costa Rica,Year,2022,TRUE,30.71,30.71,EN,2025-01-13T17:00:00.000Z
AFR,Africa,Country,CIV,Cote d'Ivoire,Year,2023,TRUE,7.93,7.93,EN,2025-01-13T17:00:00.000Z
EUR,Europe,Country,HRV,Croatia,Year,2022,TRUE,79.99,79.99,EN,2025-01-13T17:00:00.000Z
AMR,Americas,Country,CUB,Cuba,Year,2020,TRUE,76.03,76.03,EN,2025-01-13T17:00:00.000Z
EUR,Europe,Country,CYP,Cyprus,Year,2022,TRUE,38.94,38.94,EN,2025-01-13T17:00:00.000Z
EUR,Europe,Country,CZE,Czechia,Year,2022,TRUE,95.3,95.3,EN,2025-01-13T17:00:00.000Z
SEAR,South-East Asia,Country,PRK,Democratic People's Republic of Korea,Year,2017,TRUE,43.82,43.82,EN,2025-01-13T17:00:00.000Z
AFR,Africa,Country,COD,Democratic Republic of the Congo,Year,2022,TRUE,11.68,11.68,EN,2025-01-13T17:00:00.000Z
EUR,Europe,Country,DNK,Denmark,Year,2021,TRUE,121.9,121.86,EN,2025-01-13T17:00:00.000Z
EMR,Eastern Mediterranean,Country,DJI,Djibouti,Year,2022,TRUE,1.94,1.94,EN,2025-01-13T17:00:00.000Z
AMR,Americas,Country,DMA,Dominica,Year,2018,TRUE,67.6,67.6,EN,2025-01-13T17:00:00.000Z
AMR,Americas,Country,DOM,Dominican Republic,Year,2023,TRUE,20.6,20.6,EN,2025-01-13T17:00:00.000Z
AMR,Americas,Country,ECU,Ecuador,Year,2018,TRUE,25.11,25.11,EN,2025-01-13T17:00:00.000Z
EMR,Eastern Mediterranean,Country,EGY,Egypt,Year,2018,TRUE,17.94,17.94,EN,2025-01-13T17:00:00.000Z
AMR,Americas,Country,SLV,El Salvador,Year,2022,TRUE,21.79,21.79,EN,2025-01-13T17:00:00.000Z
AFR,Africa,Country,GNQ,Equatorial Guinea,Year,2022,TRUE,13.75,13.75,EN,2025-01-13T17:00:00.000Z
AFR,Africa,Country,ERI,Eritrea,Year,2022,TRUE,15.43,15.43,EN,2025-01-13T17:00:00.000Z
EUR,Europe,Country,EST,Estonia,Year,2023,TRUE,66.58,66.58,EN,2025-01-13T17:00:00.000Z
AFR,Africa,Country,SWZ,Eswatini,Year,2023,TRUE,42.6,42.6,EN,2025-01-13T17:00:00.000Z
AFR,Africa,Country,ETH,Ethiopia,Year,2022,TRUE,12.22,12.22,EN,2025-01-13T17:00:00.000Z
WPR,Western Pacific,Country,FJI,Fiji,Year,2019,TRUE,38.52,38.52,EN,2025-01-13T17:00:00.000Z
EUR,Europe,Country,FIN,Finland,Year,2021,TRUE,140.1,140.13,EN,2025-01-13T17:00:00.000Z
EUR,Europe,Country,FRA,France,Year,2021,TRUE,94.22,94.22,EN,2025-01-13T17:00:00.000Z
AFR,Africa,Country,GAB,Gabon,Year,2022,TRUE,23.7,23.7,EN,2025-01-13T17:00:00.000Z
AFR,Africa,Country,GMB,Gambia,Year,2023,TRUE,6.58,6.58,EN,2025-01-13T17:00:00.000Z
EUR,Europe,Country,GEO,Georgia,Year,2023,TRUE,59.67,59.67,EN,2025-01-13T17:00:00.000Z
EUR,Europe,Country,DEU,Germany,Year,2022,TRUE,122.5,122.49,EN,2025-01-13T17:00:00.000Z
AFR,Africa,Country,GHA,Ghana,Year,2023,TRUE,41.1,41.1,EN,2025-01-13T17:00:00.000Z
EUR,Europe,Country,GRC,Greece,Year,2022,TRUE,41.14,41.14,EN,2025-01-13T17:00:00.000Z
AMR,Americas,Country,GRD,Grenada,Year,2023,TRUE,45.77,45.77,EN,2025-01-13T17:00:00.000Z
AMR,Americas,Country,GTM,Guatemala,Year,2023,TRUE,22.73,22.73,EN,2025-01-13T17:00:00.000Z
AFR,Africa,Country,GIN,Guinea,Year,2022,TRUE,4.21,4.21,EN,2025-01-13T17:00:00.000Z
AFR,Africa,Country,GNB,Guinea-Bissau,Year,2022,TRUE,9.9,9.9,EN,2025-01-13T17:00:00.000Z
AMR,Americas,Country,GUY,Guyana,Year,2023,TRUE,39.27,39.27,EN,2025-01-13T17:00:00.000Z
AMR,Americas,Country,HTI,Haiti,Year,2022,TRUE,7.32,7.32,EN,2025-01-13T17:00:00.000Z
AMR,Americas,Country,HND,Honduras,Year,2023,TRUE,7.35,7.35,EN,2025-01-13T17:00:00.000Z
EUR,Europe,Country,HUN,Hungary,Year,2022,TRUE,56.65,56.65,EN,2025-01-13T17:00:00.000Z
EUR,Europe,Country,ISL,Iceland,Year,2023,TRUE,158.6,158.64,EN,2025-01-13T17:00:00.000Z
SEAR,South-East Asia,Country,IND,India,Year,2020,TRUE,17.2,17.2,EN,2025-01-13T17:00:00.000Z
SEAR,South-East Asia,Country,IDN,Indonesia,Year,2023,TRUE,32.4,32.4,EN,2025-01-13T17:00:00.000Z
EMR,Eastern Mediterranean,Country,IRN,Iran (Islamic Republic of),Year,2023,TRUE,28.76,28.76,EN,2025-01-13T17:00:00.000Z
EMR,Eastern Mediterranean,Country,IRQ,Iraq,Year,2022,TRUE,26.48,26.48,EN,2025-01-13T17:00:00.000Z
EUR,Europe,Country,IRL,Ireland,Year,2023,TRUE,147.8,147.77,EN,2025-01-13T17:00:00.000Z
EUR,Europe,Country,ISR,Israel,Year,2023,TRUE,58.99,58.99,EN,2025-01-13T17:00:00.000Z
EUR,Europe,Country,ITA,Italy,Year,2022,TRUE,67.55,67.55,EN,2025-01-13T17:00:00.000Z
AMR,Americas,Country,JAM,Jamaica,Year,2023,TRUE,16.17,16.17,EN,2025-01-13T17:00:00.000Z
WPR,Western Pacific,Country,JPN,Japan,Year,2022,TRUE,129.8,129.78,EN,2025-01-13T17:00:00.000Z
EMR,Eastern Mediterranean,Country,JOR,Jordan,Year,2023,TRUE,33.33,33.33,EN,2025-01-13T17:00:00.000Z
EUR,Europe,Country,KAZ,Kazakhstan,Year,2023,TRUE,64.9,64.9,EN,2025-01-13T17:00:00.000Z
AFR,Africa,Country,KEN,Kenya,Year,2023,TRUE,22.73,22.73,EN,2025-01-13T17:00:00.000Z
WPR,Western Pacific,Country,KIR,Kiribati,Year,2018,TRUE,36.28,36.28,EN,2025-01-13T17:00:00.000Z
EMR,Eastern Mediterranean,Country,KWT,Kuwait,Year,2020,TRUE,45.45,45.45,EN,2025-01-13T17:00:00.000Z
EUR,Europe,Country,KGZ,Kyrgyzstan,Year,2023,TRUE,40.76,40.76,EN,2025-01-13T17:00:00.000Z
WPR,Western Pacific,Country,LAO,Lao People's Democratic Republic,Year,2023,TRUE,10.27,10.27,EN,2025-01-13T17:00:00.000Z
EUR,Europe,Country,LVA,Latvia,Year,2022,TRUE,43.74,43.74,EN,2025-01-13T17:00:00.000Z
EMR,Eastern Mediterranean,Country,LBN,Lebanon,Year,2018,TRUE,19.18,19.18,EN,2025-01-13T17:00:00.000Z
AFR,Africa,Country,LSO,Lesotho,Year,2022,TRUE,17.56,17.56,EN,2025-01-13T17:00:00.000Z
AFR,Africa,Country,LBR,Liberia,Year,2022,TRUE,10.07,10.07,EN,2025-01-13T17:00:00.000Z
EMR,Eastern Mediterranean,Country,LBY,Libya,Year,2017,TRUE,63.77,63.77,EN,2025-01-13T17:00:00.000Z
EUR,Europe,Country,LTU,Lithuania,Year,2022,TRUE,78.43,78.43,EN,2025-01-13T17:00:00.000Z
EUR,Europe,Country,LUX,Luxembourg,Year,2023,TRUE,137.2,137.21,EN,2025-01-13T17:00:00.000Z
AFR,Africa,Country,MDG,Madagascar,Year,2022,TRUE,2.81,2.81,EN,2025-01-13T17:00:00.000Z
AFR,Africa,Country,MWI,Malawi,Year,2022,TRUE,5.07,5.07,EN,2025-01-13T17:00:00.000Z
WPR,Western Pacific,Country,MYS,Malaysia,Year,2023,TRUE,40.54,40.54,EN,2025-01-13T17:00:00.000Z
SEAR,South-East Asia,Country,MDV,Maldives,Year,2020,TRUE,50.17,50.17,EN,2025-01-13T17:00:00.000Z
AFR,Africa,Country,MLI,Mali,Year,2023,TRUE,2.68,2.68,EN,2025-01-13T17:00:00.000Z
EUR,Europe,Country,MLT,Malta,Year,2023,TRUE,82.44,82.44,EN,2025-01-13T17:00:00.000Z
WPR,Western Pacific,Country,MHL,Marshall Islands,Year,2018,TRUE,43.05,43.05,EN,2025-01-13T17:00:00.000Z
AFR,Africa,Country,MRT,Mauritania,Year,2022,TRUE,16.09,16.09,EN,2025-01-13T17:00:00.000Z
AFR,Africa,Country,MUS,Mauritius,Year,2022,TRUE,40.48,40.48,EN,2025-01-13T17:00:00.000Z
AMR,Americas,Country,MEX,Mexico,Year,2022,TRUE,30.28,30.28,EN,2025-01-13T17:00:00.000Z
WPR,Western Pacific,Country,FSM,Micronesia (Federated States of),Year,2019,TRUE,22.21,22.21,EN,2025-01-13T17:00:00.000Z
EUR,Europe,Country,MCO,Monaco,Year,2014,TRUE,208.3,208.31,EN,2025-01-13T17:00:00.000Z
WPR,Western Pacific,Country,MNG,Mongolia,Year,2018,TRUE,42.17,42.17,EN,2025-01-13T17:00:00.000Z
EUR,Europe,Country,MNE,Montenegro,Year,2023,TRUE,60.8,60.8,EN,2025-01-13T17:00:00.000Z
EMR,Eastern Mediterranean,Country,MAR,Morocco,Year,2023,TRUE,8.69,8.69,EN,2025-01-13T17:00:00.000Z
AFR,Africa,Country,MOZ,Mozambique,Year,2022,TRUE,9.34,9.34,EN,2025-01-13T17:00:00.000Z
SEAR,South-East Asia,Country,MMR,Myanmar,Year,2022,TRUE,2.05,2.05,EN,2025-01-13T17:00:00.000Z
AFR,Africa,Country,NAM,Namibia,Year,2022,TRUE,53.86,53.86,EN,2025-01-13T17:00:00.000Z
WPR,Western Pacific,Country,NRU,Nauru,Year,2018,TRUE,73.04,73.04,EN,2025-01-13T17:00:00.000Z
SEAR,South-East Asia,Country,NPL,Nepal,Year,2023,TRUE,40.92,40.92,EN,2025-01-13T17:00:00.000Z
EUR,Europe,Country,NLD,Netherlands (Kingdom of the),Year,2022,TRUE,116.7,116.65,EN,2025-01-13T17:00:00.000Z
WPR,Western Pacific,Country,NZL,New Zealand,Year,2023,TRUE,123,123.04,EN,2025-01-13T17:00:00.000Z
AMR,Americas,Country,NIC,Nicaragua,Year,2017,TRUE,15.69,15.69,EN,2025-01-13T17:00:00.000Z
AFR,Africa,Country,NER,Niger,Year,2023,TRUE,4.21,4.21,EN,2025-01-13T17:00:00.000Z
AFR,Africa,Country,NGA,Nigeria,Year,2022,TRUE,16.47,16.47,EN,2025-01-13T17:00:00.000Z
WPR,Western Pacific,Country,NIU,Niue,Year,2018,TRUE,111.1,111.11,EN,2025-01-13T17:00:00.000Z
EUR,Europe,Country,MKD,North Macedonia,Year,2022,TRUE,55.15,55.15,EN,2025-01-13T17:00:00.000Z
EUR,Europe,Country,NOR,Norway,Year,2023,TRUE,165.1,165.09,EN,2025-01-13T17:00:00.000Z
EMR,Eastern Mediterranean,Country,OMN,Oman,Year,2022,TRUE,46.61,46.61,EN,2025-01-13T17:00:00.000Z
EMR,Eastern Mediterranean,Country,PAK,Pakistan,Year,2021,TRUE,5.2,5.2,EN,2025-01-13T17:00:00.000Z
WPR,Western Pacific,Country,PLW,Palau,Year,2023,TRUE,66.1,66.1,EN,2025-01-13T17:00:00.000Z
AMR,Americas,Country,PAN,Panama,Year,2022,TRUE,33.45,33.45,EN,2025-01-13T17:00:00.000Z
WPR,Western Pacific,Country,PNG,Papua New Guinea,Year,2021,TRUE,5.08,5.08,EN,2025-01-13T17:00:00.000Z
AMR,Americas,Country,PRY,Paraguay,Year,2022,TRUE,94.09,94.09,EN,2025-01-13T17:00:00.000Z
AMR,Americas,Country,PER,Peru,Year,2023,TRUE,27.38,27.38,EN,2025-01-13T17:00:00.000Z
WPR,Western Pacific,Country,PHL,Philippines,Year,2021,TRUE,47.88,47.88,EN,2025-01-13T17:00:00.000Z
EUR,Europe,Country,POL,Poland,Year,2022,TRUE,63.25,63.25,EN,2025-01-13T17:00:00.000Z
EUR,Europe,Country,PRT,Portugal,Year,2023,TRUE,80.09,80.09,EN,2025-01-13T17:00:00.000Z
EMR,Eastern Mediterranean,Country,QAT,Qatar,Year,2023,TRUE,84.89,84.89,EN,2025-01-13T17:00:00.000Z
WPR,Western Pacific,Country,KOR,Republic of Korea,Year,2022,TRUE,90.86,90.86,EN,2025-01-13T17:00:00.000Z
EUR,Europe,Country,MDA,Republic of Moldova,Year,2023,TRUE,63.17,63.17,EN,2025-01-13T17:00:00.000Z
EUR,Europe,Country,ROU,Romania,Year,2022,TRUE,82.53,82.53,EN,2025-01-13T17:00:00.000Z
EUR,Europe,Country,RUS,Russian Federation,Year,2022,TRUE,70.39,70.39,EN,2025-01-13T17:00:00.000Z
AFR,Africa,Country,RWA,Rwanda,Year,2022,TRUE,11.06,11.06,EN,2025-01-13T17:00:00.000Z
AMR,Americas,Country,KNA,Saint Kitts and Nevis,Year,2023,TRUE,65.81,65.81,EN,2025-01-13T17:00:00.000Z
AMR,Americas,Country,LCA,Saint Lucia,Year,2023,TRUE,53.43,53.43,EN,2025-01-13T17:00:00.000Z
AMR,Americas,Country,VCT,Saint Vincent and the Grenadines,Year,2023,TRUE,47.38,47.38,EN,2025-01-13T17:00:00.000Z
WPR,Western Pacific,Country,WSM,Samoa,Year,2020,TRUE,30.58,30.58,EN,2025-01-13T17:00:00.000Z
EUR,Europe,Country,SMR,San Marino,Year,2023,TRUE,94.36,94.36,EN,2025-01-13T17:00:00.000Z
AFR,Africa,Country,STP,Sao Tome and Principe,Year,2022,TRUE,21.65,21.65,EN,2025-01-13T17:00:00.000Z
EMR,Eastern Mediterranean,Country,SAU,Saudi Arabia,Year,2023,TRUE,65.57,65.57,EN,2025-01-13T17:00:00.000Z
AFR,Africa,Country,SEN,Senegal,Year,2023,TRUE,4.24,4.24,EN,2025-01-13T17:00:00.000Z
EUR,Europe,Country,SRB,Serbia,Year,2022,TRUE,66.89,66.89,EN,2025-01-13T17:00:00.000Z
AFR,Africa,Country,SYC,Seychelles,Year,2023,TRUE,73.2,73.2,EN,2025-01-13T17:00:00.000Z
AFR,Africa,Country,SLE,Sierra Leone,Year,2022,TRUE,11.63,11.63,EN,2025-01-13T17:00:00.000Z
WPR,Western Pacific,Country,SGP,Singapore,Year,2022,TRUE,65.59,65.59,EN,2025-01-13T17:00:00.000Z
EUR,Europe,Country,SVK,Slovakia,Year,2022,TRUE,60.14,60.14,EN,2025-01-13T17:00:00.000Z
EUR,Europe,Country,SVN,Slovenia,Year,2022,TRUE,105.6,105.63,EN,2025-01-13T17:00:00.000Z
WPR,Western Pacific,Country,SLB,Solomon Islands,Year,2023,TRUE,20.01,20.01,EN,2025-01-13T17:00:00.000Z
EMR,Eastern Mediterranean,Country,SOM,Somalia,Year,2014,TRUE,2.61,2.61,EN,2025-01-13T17:00:00.000Z
AFR,Africa,Country,ZAF,South Africa,Year,2022,TRUE,63.93,63.93,EN,2025-01-13T17:00:00.000Z
AFR,Africa,Country,SSD,South Sudan,Year,2022,TRUE,6.91,6.91,EN,2025-01-13T17:00:00.000Z
EUR,Europe,Country,ESP,Spain,Year,2022,TRUE,64.06,64.06,EN,2025-01-13T17:00:00.000Z
SEAR,South-East Asia,Country,LKA,Sri Lanka,Year,2023,TRUE,22.58,22.58,EN,2025-01-13T17:00:00.000Z
EMR,Eastern Mediterranean,Country,SDN,Sudan,Year,2018,TRUE,10.83,10.83,EN,2025-01-13T17:00:00.000Z
AMR,Americas,Country,SUR,Suriname,Year,2023,TRUE,17.27,17.27,EN,2025-01-13T17:00:00.000Z
EUR,Europe,Country,SWE,Sweden,Year,2021,TRUE,116.7,116.65,EN,2025-01-13T17:00:00.000Z
EUR,Europe,Country,CHE,Switzerland,Year,2022,TRUE,187.6,187.6,EN,2025-01-13T17:00:00.000Z
EMR,Eastern Mediterranean,Country,SYR,Syrian Arab Republic,Year,2021,TRUE,17.57,17.57,EN,2025-01-13T17:00:00.000Z
EUR,Europe,Country,TJK,Tajikistan,Year,2023,TRUE,64.53,64.53,EN,2025-01-13T17:00:00.000Z
SEAR,South-East Asia,Country,THA,Thailand,Year,2023,TRUE,35.72,35.72,EN,2025-01-13T17:00:00.000Z
SEAR,South-East Asia,Country,TLS,Timor-Leste,Year,2020,TRUE,17.38,17.38,EN,2025-01-13T17:00:00.000Z
AFR,Africa,Country,TGO,Togo,Year,2022,TRUE,4.94,4.94,EN,2025-01-13T17:00:00.000Z
WPR,Western Pacific,Country,TON,Tonga,Year,2021,TRUE,41.99,41.99,EN,2025-01-13T17:00:00.000Z
AMR,Americas,Country,TTO,Trinidad and Tobago,Year,2023,TRUE,41.08,41.08,EN,2025-01-13T17:00:00.000Z
EMR,Eastern Mediterranean,Country,TUN,Tunisia,Year,2021,TRUE,21.61,21.61,EN,2025-01-13T17:00:00.000Z
EUR,Europe,Country,TUR,Türkiye,Year,2022,TRUE,34.83,34.83,EN,2025-01-13T17:00:00.000Z
EUR,Europe,Country,TKM,Turkmenistan,Year,2023,TRUE,34.88,34.88,EN,2025-01-13T17:00:00.000Z
WPR,Western Pacific,Country,TUV,Tuvalu,Year,2020,TRUE,39.42,39.42,EN,2025-01-13T17:00:00.000Z
AFR,Africa,Country,UGA,Uganda,Year,2022,TRUE,22.65,22.65,EN,2025-01-13T17:00:00.000Z
EUR,Europe,Country,UKR,Ukraine,Year,2023,TRUE,60.79,60.79,EN,2025-01-13T17:00:00.000Z
EMR,Eastern Mediterranean,Country,ARE,United Arab Emirates,Year,2022,TRUE,61.87,61.87,EN,2025-01-13T17:00:00.000Z
EUR,Europe,Country,GBR,United Kingdom of Great Britain and Northern Ireland,Year,2023,TRUE,95.49,95.49,EN,2025-01-13T17:00:00.000Z
AFR,Africa,Country,TZA,United Republic of Tanzania,Year,2023,TRUE,6.93,6.93,EN,2025-01-13T17:00:00.000Z
AMR,Americas,Country,USA,United States of America,Year,2022,TRUE,133.8,133.76,EN,2025-01-13T17:00:00.000Z
AMR,Americas,Country,URY,Uruguay,Year,2022,TRUE,73.86,73.86,EN,2025-01-13T17:00:00.000Z
EUR,Europe,Country,UZB,Uzbekistan,Year,2020,TRUE,110.8,110.83,EN,2025-01-13T17:00:00.000Z
WPR,Western Pacific,Country,VUT,Vanuatu,Year,2019,TRUE,14.59,14.59,EN,2025-01-13T17:00:00.000Z
AMR,Americas,Country,VEN,Venezuela (Bolivarian Republic of),Year,2018,TRUE,20.03,20.03,EN,2025-01-13T17:00:00.000Z
WPR,Western Pacific,Country,VNM,Viet Nam,Year,2016,TRUE,14.41,14.41,EN,2025-01-13T17:00:00.000Z
EMR,Eastern Mediterranean,Country,YEM,Yemen,Year,2023,TRUE,5.41,5.41,EN,2025-01-13T17:00:00.000Z
AFR,Africa,Country,ZMB,Zambia,Year,2022,TRUE,29.36,29.36,EN,2025-01-13T17:00:00.000Z
AFR,Africa,Country,ZWE,Zimbabwe,Year,2022,TRUE,30.71,30.71,EN,2025-01-13T17:00:00.000Z
